NEBLBTC,0.000507,nan,31.142025878650937
NEBLBTC,0.00055,nan,34.77549518354282
NEBLBTC,0.0005555,nan,35.231645267630086
NEBLBTC,0.000559,nan,35.53103467415536
NEBLBTC,0.000549,nan,35.04802867917442
NEBLBTC,0.0005509,nan,35.22261294427706
NEBLBTC,0.00055,-2.178522668093918e-05,35.17587925802814
NEBLBTC,0.0005498,-1.9811202519772982e-05,35.165060168243265
NEBLBTC,0.000549,-1.8102651367636786e-05,35.11997399808735
NEBLBTC,0.000549,-1.6557744893824842e-05,35.11997399808735
NEBLBTC,0.0005777,-1.2869197144897292e-05,38.214385538934984
NEBLBTC,0.0005976,-8.245187402633274e-06,40.27537180184492
NEBLBTC,0.0005785,-6.052072221057357e-06,38.9733473750605
NEBLBTC,0.0006074,-1.959436996505767e-06,41.93699758606496
NEBLBTC,0.0006079,1.3092593987583433e-06,41.98785823088107
NEBLBTC,0.0006,3.2250841027543125e-06,41.3901084445261
NEBLBTC,0.0006099,5.479076858275352e-06,42.46125186664208
NEBLBTC,0.0006001,6.40081959427303e-06,41.67452914067139
NEBLBTC,0.000612,7.999326642769543e-06,43.012398091768816
NEBLBTC,0.00064,1.139417602101869e-05,46.05073102614537
NEBLBTC,0.0006178,1.2153169966700969e-05,44.105264515430775
NEBLBTC,0.0006071,1.1755764425948226e-05,43.18764847383374
NEBLBTC,0.0005901,9.954312627057007e-06,41.74768487959465
NEBLBTC,0.0005878,8.246003523913639e-06,41.55209463214068
NEBLBTC,0.000562,4.7554935026599115e-06,39.391880566096944
NEBLBTC,0.00059,4.200188004496405e-06,42.761741734974976
NEBLBTC,0.00058,2.9195334061689424e-06,41.893671240207816
NEBLBTC,0.000562,4.47003069517179e-07,40.35497599096388
NEBLBTC,0.0005413,-3.1465406765150477e-06,38.651440736760414
NEBLBTC,0.0005513,-5.128416367263661e-06,39.929722896976635
NEBLBTC,0.0005244,-8.768593431328743e-06,37.72340094933242
NEBLBTC,0.0005495,-9.518377815638068e-06,40.90279514076089
NEBLBTC,0.0005559,-9.486802870972894e-06,41.69477947185736
NEBLBTC,0.000568,-8.388710787591669e-06,43.19658229996597
NEBLBTC,0.0005498,-8.884636240354582e-06,41.51811633106806
NEBLBTC,0.00056,-8.358257193483935e-06,42.817503151828085
NEBLBTC,0.0005387,-9.549746462249298e-06,40.84022369359837
NEBLBTC,0.0005405,-1.023083068749564e-05,41.08015373476842
NEBLBTC,0.000531,-1.1405687779212953e-05,40.18266026610261
NEBLBTC,0.000531,-1.2196180511706944e-05,40.18266026610261
NEBLBTC,0.0005356,-1.2309573045578824e-05,40.86382709284242
NEBLBTC,0.000525,-1.3103717360770924e-05,39.774733721259665
NEBLBTC,0.000525,-1.357658008793543e-05,39.77473372125967
NEBLBTC,0.0005117,-1.4853306383144876e-05,38.37735631081573
NEBLBTC,0.0005219,-1.4870646855082137e-05,40.062500226989236
NEBLBTC,0.0005307,-1.4012772331898292e-05,41.50262122517669
NEBLBTC,0.0005301,-1.3228821952401978e-05,41.43179630288271
NEBLBTC,0.000547,-1.1115711860746474e-05,44.22908450385884
NEBLBTC,0.0005373,-1.0107255670865423e-05,42.9990904452584
NEBLBTC,0.000536,-9.305675970293554e-06,42.83251015524189
NEBLBTC,0.000528,-9.209786735141267e-06,41.79283838330389
NEBLBTC,0.00053,-8.870160847370811e-06,42.159091430559684
NEBLBTC,0.0005348,-8.120081751854117e-06,43.05640524116642
NEBLBTC,0.0005206,-8.572639933408224e-06,41.088690846738935
NEBLBTC,0.0005348,-7.696750874131172e-06,43.770170270564215
NEBLBTC,0.0005154,-8.470379094080677e-06,41.10302672798034
NEBLBTC,0.0005001,-1.020048235365271e-05,39.14027601404847
NEBLBTC,0.00051,-1.0649987957549265e-05,41.0412101556648
NEBLBTC,0.00049,-1.247623892404882e-05,38.50583711186894
NEBLBTC,0.0004945,-1.3405908610918354e-05,39.38499680093681
NEBLBTC,0.000497,-1.3782078210477968e-05,39.883238816982455
NEBLBTC,0.0005097,-1.2906631848759974e-05,42.39327797719698
NEBLBTC,0.000515,-1.165086467819741e-05,43.42197680771893
NEBLBTC,0.00052,-1.0135367724871261e-05,44.3993766922219
NEBLBTC,0.00052,-8.83250979591345e-06,44.3993766922219
NEBLBTC,0.000526,-7.232464298343399e-06,45.62669801402934
NEBLBTC,0.000526,-5.896446152972665e-06,45.62669801402934
NEBLBTC,0.0005288,-4.559150498873463e-06,46.229804263402684
NEBLBTC,0.0005145,-4.60019634823867e-06,43.64962405072743
NEBLBTC,0.0005205,-4.101298408587615e-06,44.9937460033327
NEBLBTC,0.0005191,-3.7753664227233507e-06,44.733945938042595
NEBLBTC,0.00052,-3.405187614166226e-06,44.94718389958532
NEBLBTC,0.0005275,-2.4780653269585633e-06,46.73431232498583
NEBLBTC,0.0005274,-1.7314246138817489e-06,46.71321447892823
NEBLBTC,0.0005258,-1.2543536892331867e-06,46.36376504030322
NEBLBTC,0.0005159,-1.6560291335771145e-06,44.22759164261393
NEBLBTC,0.00051,-2.4225152608143468e-06,42.995670924521704
NEBLBTC,0.0005078,-3.1709301438542304e-06,42.534685946398696
NEBLBTC,0.000527,-2.189535193029531e-06,47.646442846345536
NEBLBTC,0.000512,-2.59226524360241e-06,44.42489729924164
NEBLBTC,0.0005091,-3.1095920325857705e-06,43.82708272166299
NEBLBTC,0.000502,-4.045849864038891e-06,42.37046024687325
NEBLBTC,0.0005021,-4.72530144293758e-06,42.39859626060643
NEBLBTC,0.0005021,-5.203785711955849e-06,42.39859626060643
NEBLBTC,0.0005004,-5.654976683842536e-06,42.0188640337743
NEBLBTC,0.0004989,-6.063687824963489e-06,41.675203664678946
NEBLBTC,0.000505,-5.828191564303631e-06,43.63153902202559
NEBLBTC,0.0004951,-6.367011399236225e-06,41.28631180021888
NEBLBTC,0.000495,-6.72458236507527e-06,41.262934588136126
NEBLBTC,0.0005079,-5.899037311358612e-06,45.42272627361842
NEBLBTC,0.0005019,-5.66364973581012e-06,43.91333879821497
NEBLBTC,0.000505,-5.167392806411028e-06,44.90045751537674
NEBLBTC,0.0005,-5.118560251395651e-06,43.60871831825966
NEBLBTC,0.0004904,-5.787781921951711e-06,41.23217905634642
NEBLBTC,0.000493,-6.03873585846204e-06,42.12355121881477
NEBLBTC,0.0004901,-6.3978737191642925e-06,41.392828452469956
NEBLBTC,0.0004909,-6.5425216303223845e-06,41.68402791923489
NEBLBTC,0.000489,-6.73285806635426e-06,41.17698885820537
NEBLBTC,0.000487,-6.96479848699054e-06,40.634086114436215
NEBLBTC,0.0004873,-7.043215642908024e-06,40.75634599110323
NEBLBTC,0.0004642,-8.867124062582224e-06,34.96986098275935
NEBLBTC,0.0004652,-1.0115290214035523e-05,35.38427007210573
NEBLBTC,0.000478,-9.956841583817538e-06,40.45266335810339
NEBLBTC,0.00047,-1.0357409277136063e-05,38.48398178749341
NEBLBTC,0.00048,-9.755490412617651e-06,42.15580335103938
NEBLBTC,0.0004839,-8.861616767623284e-06,43.52756259839316
NEBLBTC,0.000484,-8.052324119634869e-06,43.563372073748944
NEBLBTC,0.000475,-8.044447268707876e-06,41.11494563219584
NEBLBTC,0.0004701,-8.337484524890883e-06,39.842755808001755
NEBLBTC,0.0004607,-9.221915599964294e-06,37.518858196636
NEBLBTC,0.0004621,-9.69807196248663e-06,38.080140269827204
NEBLBTC,0.0004723,-9.14693438939173e-06,42.03860334092023
NEBLBTC,0.000479,-8.076419944495284e-06,44.47175198676446
NEBLBTC,0.0004838,-6.762752844425473e-06,46.161313831721756
NEBLBTC,0.0004955,-4.7231247421550705e-06,50.02862776497351
NEBLBTC,0.0004954,-3.0792779413203655e-06,49.99659805744797
NEBLBTC,0.0004925,-1.98761132595048e-06,49.04638114797868
NEBLBTC,0.0004925,-1.109666127857849e-06,49.04638114797868
NEBLBTC,0.0004919,-4.5703480595785193e-07,48.83728123942098
NEBLBTC,0.0004885,-2.1173066707942754e-07,47.63640857788547
NEBLBTC,0.0004746,-1.1259598384187478e-06,43.11387475223207
NEBLBTC,0.0004915,-4.812566554120764e-07,49.22910660942127
NEBLBTC,0.0004699,-1.6937398407439923e-06,43.05616248032363
NEBLBTC,0.0004611,-3.326383477790431e-06,40.87713280639
NEBLBTC,0.0004699,-3.8656184244474255e-06,43.842762792850735
NEBLBTC,0.00046,-5.033786904882988e-06,41.40468854436252
NEBLBTC,0.0004619,-5.740086575823885e-06,42.050051275192416
NEBLBTC,0.0004675,-5.781317525127127e-06,43.94869963667857
NEBLBTC,0.0004575,-6.545457812756454e-06,41.42000159201528
NEBLBTC,0.0004681,-6.22396706588188e-06,44.92505231640552
NEBLBTC,0.000468,-5.909135659460188e-06,44.89860659884319
NEBLBTC,0.0004747,-5.060659364862442e-06,47.07667779147644
NEBLBTC,0.0004926,-2.9103071754783155e-06,52.32980646386684
NEBLBTC,0.00049,-1.39979982282149e-06,51.55420475951424
NEBLBTC,0.0004798,-1.014076970194894e-06,48.605154439125506
NEBLBTC,0.000488,-4.618496918896509e-08,50.95846494133905
NEBLBTC,0.0004982,1.526336512729478e-06,53.70965031647794
NEBLBTC,0.0004999,2.876587400127363e-06,54.156912126230786
NEBLBTC,0.00048,2.314230261762462e-06,48.43998194279166
NEBLBTC,0.0004786,1.735583156071876e-06,48.067488365182584
NEBLBTC,0.0004803,1.3980609717721758e-06,48.56861481899401
NEBLBTC,0.0004798,1.0778021553347673e-06,48.425203330418796
NEBLBTC,0.0004789,7.428096107717349e-07,48.158115793172094
NEBLBTC,0.0004849,9.505184763047457e-07,50.073710413499086
NEBLBTC,0.0004828,9.348998555536387e-07,49.40696133298306
NEBLBTC,0.0005055,2.722835125842048e-06,56.013341896623956
NEBLBTC,0.0004926,3.063549823351867e-06,51.987824339729904
NEBLBTC,0.000499,3.806120599767176e-06,53.71005216372318
NEBLBTC,0.0004828,3.052224534568209e-06,49.06168796894006
NEBLBTC,0.0004825,2.4028504147163843e-06,48.979775313045984
NEBLBTC,0.0004848,2.050174390163357e-06,49.65225402494175
NEBLBTC,0.0004821,1.5351128394148323e-06,48.863323945892546
NEBLBTC,0.000485,1.3454194553307475e-06,49.75803702178216
NEBLBTC,0.00049,1.5803272660303513e-06,51.291288331667396
NEBLBTC,0.00049,1.7463624195297235e-06,51.291288331667396
NEBLBTC,0.0004785,9.391664580887262e-07,47.649616535927954
NEBLBTC,0.0004785,2.9604521812107544e-07,47.649616535927954
NEBLBTC,0.00047,-8.892611119746098e-07,45.07405617109493
NEBLBTC,0.0004735,-1.5285836086367213e-06,46.32072608941386
NEBLBTC,0.0004601,-3.081003415324928e-06,42.469725659374774
NEBLBTC,0.000431,-6.583543110988584e-06,35.73703941354698
NEBLBTC,0.0004217,-9.994552352765075e-06,33.94260552432557
NEBLBTC,0.0003978,-1.445965016495164e-05,29.914596794278552
NEBLBTC,0.0003978,-1.779316383358835e-05,29.914596794278552
NEBLBTC,0.0004018,-1.9883031649943733e-05,31.398172835238782
NEBLBTC,0.0003831,-2.2785543111191484e-05,28.459357196002415
NEBLBTC,0.0003899,-2.4257476100930403e-05,30.91302004300684
NEBLBTC,0.0003802,-2.590805065299449e-05,29.411518694779314
NEBLBTC,0.0003909,-2.6052426149306856e-05,33.149070249153404
NEBLBTC,0.0003909,-2.5868647109103624e-05,33.14907024915339
NEBLBTC,0.0003885,-2.5621314275792216e-05,32.72587681563813
NEBLBTC,0.0003914,-2.490421516962752e-05,33.79161547871317
NEBLBTC,0.0003891,-2.4242052449189363e-05,33.354326934118575
NEBLBTC,0.0003994,-2.262534886537953e-05,37.15468772585704
NEBLBTC,0.0004,-2.1052998777034196e-05,37.37176804593537
NEBLBTC,0.0003957,-1.992420028870624e-05,36.43071127014533
NEBLBTC,0.0004184,-1.700193138430453e-05,44.17437652289144
NEBLBTC,0.0003919,-1.663261037505181e-05,38.466377038728695
NEBLBTC,0.0004,-1.5507557044440142e-05,40.901993382060034
NEBLBTC,0.00041,-1.3651659910263582e-05,43.769263145142894
NEBLBTC,0.0003947,-1.32625477976151e-05,40.62268054631264
NEBLBTC,0.0003702,-1.4760963688872138e-05,36.26625163905204
NEBLBTC,0.00038,-1.4984953761066385e-05,38.996849317118006
NEBLBTC,0.0003792,-1.5053493518357426e-05,38.85504710299141
NEBLBTC,0.0003805,-1.483193927101159e-05,39.22974505640209
NEBLBTC,0.0003799,-1.4537195182395813e-05,39.114307359355124
NEBLBTC,0.0003833,-1.3869379213452969e-05,40.15558576296718
NEBLBTC,0.0003669,-1.449636807865785e-05,36.972969488604676
NEBLBTC,0.0003768,-1.403265430548607e-05,39.96993588336316
NEBLBTC,0.0003789,-1.3341908137838848e-05,40.59517231165531
NEBLBTC,0.0003555,-1.4515347372441839e-05,36.21002435191271
NEBLBTC,0.0003831,-1.306758213035083e-05,43.695655132724035
NEBLBTC,0.000398,-1.059577081953479e-05,47.186884225527045
NEBLBTC,0.0003998,-8.3948272475902e-06,47.59649036247666
NEBLBTC,0.0003996,-6.590728127148259e-06,47.55372913720738
NEBLBTC,0.0003943,-5.524944165239071e-06,46.40098819062127
NEBLBTC,0.0003923,-4.786510073541135e-06,45.96226949998291
NEBLBTC,0.000392,-4.177349345589306e-06,45.894350263078955
NEBLBTC,0.0003893,-3.8678661616317394e-06,45.26616042565096
NEBLBTC,0.0003999,-2.735731289167751e-06,48.1723168229927
NEBLBTC,0.0003876,-2.798751189212541e-06,45.262382860297365
NEBLBTC,0.0003849,-3.0316157697124198e-06,44.64465508421588
NEBLBTC,0.0003808,-3.50657672856889e-06,43.699635031514525
NEBLBTC,0.00038,-3.9025538133873115e-06,43.51210484728877
NEBLBTC,0.0003781,-4.319885673989901e-06,43.05422016275715
NEBLBTC,0.000375,-4.84491906136813e-06,42.29644324513862
NEBLBTC,0.0003749,-5.209034461036289e-06,42.27139980499409
NEBLBTC,0.0003707,-5.76999057802952e-06,41.20223750853521
NEBLBTC,0.0003801,-5.393873683046666e-06,44.48164628033657
NEBLBTC,0.0003626,-6.433737954122259e-06,40.13321774926014
NEBLBTC,0.0003526,-7.972848275288307e-06,37.92268997027005
NEBLBTC,0.0003748,-7.316905099275526e-06,44.9470816735776
NEBLBTC,0.0003525,-8.498523350555776e-06,40.1812905172042
NEBLBTC,0.0003535,-9.247671287022593e-06,40.476615148467225
NEBLBTC,0.0004188,-4.520107176994971e-06,55.45998698949155
NEBLBTC,0.0004094,-1.514521538916369e-06,53.43938190243587
NEBLBTC,0.0003862,-9.931707223144546e-07,48.855256270141
NEBLBTC,0.0003886,-3.819338064888758e-07,49.3245014043996
NEBLBTC,0.00039,2.1298894871911705e-07,49.60593656167552
NEBLBTC,0.000385,2.778088971160347e-07,48.60006496956401
NEBLBTC,0.0003799,-8.140976322386882e-08,47.57333540401411
NEBLBTC,0.0003918,5.873666113043836e-07,50.13810405841711
NEBLBTC,0.0003923,1.1445291085979332e-06,50.24482279978787
NEBLBTC,0.0004034,2.453479451393814e-06,52.59516411107512
NEBLBTC,0.0004012,3.27555189146017e-06,52.08630295855077
NEBLBTC,0.0004399,6.96947700101118e-06,59.31216625177981
NEBLBTC,0.000484,1.330210234893849e-05,65.49905225346885
NEBLBTC,0.00049,1.859060252353749e-05,66.22810515138539
NEBLBTC,0.0005044,2.3670873571744234e-05,67.9254988040407
NEBLBTC,0.0004956,2.667939506453593e-05,65.81608032838831
NEBLBTC,0.0005177,3.049542307097345e-05,68.38864350541712
NEBLBTC,0.0005052,3.214051141708864e-05,65.48023398652653
NEBLBTC,0.0004632,2.9712697313137994e-05,56.983647274111746
NEBLBTC,0.0004724,2.820586065262811e-05,58.222718828882215
NEBLBTC,0.0004516,2.5044597050774163e-05,54.517949051088785
NEBLBTC,0.0004447,2.173198770971164e-05,53.34300977674018
NEBLBTC,0.0004405,1.8553937796232905e-05,52.62267818140425
NEBLBTC,0.0004176,1.402579113699763e-05,48.868189535558535
NEBLBTC,0.0004499,1.289489798646286e-05,53.727263171238604
NEBLBTC,0.0004479,1.1702376025372017e-05,53.39938729585143
NEBLBTC,0.0004405,1.00443901467353e-05,52.17018807371892
NEBLBTC,0.0004289,7.705576251544307e-06,50.277120676413645
NEBLBTC,0.000416,4.756299538770273e-06,48.245621252082636
NEBLBTC,0.0004306,3.5560821764684205e-06,50.602813842824446
NEBLBTC,0.0004631,5.167808377782126e-06,55.32877099230319
NEBLBTC,0.0004741,7.249157300432145e-06,56.788849240325604
NEBLBTC,0.000486,9.746520048372351e-06,58.32645964505561
NEBLBTC,0.0004951,1.2317997756321273e-05,59.47707225362407
NEBLBTC,0.0004946,1.4152426185553993e-05,59.38306889142984
NEBLBTC,0.0004625,1.2867691465601801e-05,53.697590216184764
NEBLBTC,0.0004599,1.1507085158338887e-05,53.26655699470181
NEBLBTC,0.0004697,1.109171457392105e-05,54.69683552766364
NEBLBTC,0.0004746,1.1030763665059013e-05,55.40885985019902
NEBLBTC,0.0004219,6.653314791562411e-06,47.10091548475995
NEBLBTC,0.0004843,8.125646132366355e-06,55.36905551892668
NEBLBTC,0.0004401,5.660656201288399e-06,49.6349185054966
NEBLBTC,0.0004508,4.518448634759618e-06,50.91890399778208
NEBLBTC,0.000445,3.109386311869484e-06,50.195102392906406
NEBLBTC,0.0004563,2.8714100040567406e-06,51.59396124170578
NEBLBTC,0.00045,2.1496746061514947e-06,50.76447863326011
NEBLBTC,0.0004621,2.524956848748243e-06,52.3013678489867
NEBLBTC,0.0004792,4.154309524871094e-06,54.40040050882195
NEBLBTC,0.0004626,4.059308806450242e-06,52.078891434803296
NEBLBTC,0.0004439,2.4468802229986254e-06,49.591236440449435
NEBLBTC,0.0004444,1.1955828402602175e-06,49.65832799536777
NEBLBTC,0.0004551,1.0551580208468104e-06,51.11133325013323
NEBLBTC,0.0004375,-4.7087462138136913e-07,48.698816952012265
NEBLBTC,0.0004375,-1.661118148809336e-06,48.69881695201227
NEBLBTC,0.0004487,-1.6812677141866614e-06,50.323527361144926
NEBLBTC,0.0004495,-1.6140770008591277e-06,50.44051251726784
NEBLBTC,0.0004738,3.954208742648407e-07,53.882766769240774
NEBLBTC,0.0004624,1.0559058661794543e-06,52.110917232032186
NEBLBTC,0.000466,1.848526234589148e-06,52.62426767735873
NEBLBTC,0.0004597,1.9458951701284487e-06,51.61393169289131
NEBLBTC,0.0004699,2.813681143327344e-06,53.13405955893845
NEBLBTC,0.0004778,4.091705126393972e-06,54.29454096518265
NEBLBTC,0.0004642,3.9614765646781534e-06,51.982307783545345
NEBLBTC,0.0004715,4.396636790517008e-06,53.10098940108085
NEBLBTC,0.0004408,2.2384673174219026e-06,48.17569568891818
NEBLBTC,0.0004425,6.576967351687901e-07,48.45196686188685
NEBLBTC,0.0004605,8.476035811508806e-07,51.31922356408061
NEBLBTC,0.0004614,1.058526567818878e-06,51.46008978257246
NEBLBTC,0.0004465,2.3112650617820515e-08,49.010111605186964
NEBLBTC,0.0004427,-1.0915063745467251e-06,48.396928458111674
NEBLBTC,0.000465,-1.7342719056402363e-07,52.06911424586674
NEBLBTC,0.00047,9.467023945000804e-07,52.85406407877138
NEBLBTC,0.00044,-5.79654225686167e-07,47.93878557242531
NEBLBTC,0.000434,-2.2475444070208547e-06,47.026098097730824
NEBLBTC,0.0004383,-3.1856629888982147e-06,47.76972988416267
NEBLBTC,0.0004492,-3.0148366585867805e-06,49.639662938568094
NEBLBTC,0.0004424,-3.389091395139467e-06,48.50910488489999
NEBLBTC,0.0004465,-3.316623266852957e-06,49.23650589746158
NEBLBTC,0.0004508,-2.879030023701418e-06,50.00936463414416
NEBLBTC,0.0004667,-1.2350007873439153e-06,52.78305858285308
NEBLBTC,0.0005199,4.311005033589708e-06,60.445448684090216
NEBLBTC,0.0004738,4.929545149322961e-06,52.71082917554474
NEBLBTC,0.0004759,5.525500565930813e-06,52.99672331837275
NEBLBTC,0.0004799,6.248536854544637e-06,53.554818566693285
NEBLBTC,0.0004756,6.400789937025019e-06,52.8508967571789
NEBLBTC,0.0004636,5.4898681077771385e-06,50.902570087201426
NEBLBTC,0.0004653,4.849232850015657e-06,51.168678724723385
NEBLBTC,0.0004644,4.220253854903227e-06,51.01592809891735
NEBLBTC,0.000473,4.365409868933054e-06,52.43183450199903
NEBLBTC,0.0004645,3.7513251520740194e-06,50.914012422321484
NEBLBTC,0.000482,4.62346589924056e-06,53.78798890836312
NEBLBTC,0.0004793,5.038693368966587e-06,53.28570929680308
NEBLBTC,0.0004717,4.700325222809301e-06,51.86320741832164
NEBLBTC,0.0004749,4.636927669862071e-06,52.42125962436506
NEBLBTC,0.0004714,4.255212462625773e-06,51.736720853389315
NEBLBTC,0.0004757,4.250675334875121e-06,52.53138024293064
NEBLBTC,0.0004773,4.326315188234262e-06,52.83291554087487
NEBLBTC,0.0004813,4.655362763507278e-06,53.60179132424444
NEBLBTC,0.0004775,4.556977100105702e-06,52.74939485289423
NEBLBTC,0.0004774,4.419985744448008e-06,52.72637036261284
NEBLBTC,0.0004805,4.5095795741241875e-06,53.384554604725864
NEBLBTC,0.0004812,4.584223405646869e-06,53.53697943629244
NEBLBTC,0.000486,4.9733691607640996e-06,54.59920308191422
NEBLBTC,0.000486,5.221578864508163e-06,54.599203081914226
NEBLBTC,0.0004839,5.189018616848901e-06,54.01098885790299
NEBLBTC,0.00047,3.995542427180231e-06,50.27039603487808
NEBLBTC,0.0004731,3.262242934679938e-06,51.059183172955635
NEBLBTC,0.0004736,2.6904300224967403e-06,51.18948482663318
NEBLBTC,0.0004774,2.5149021850597963e-06,52.198772026333984
NEBLBTC,0.000487,3.1145324869532643e-06,54.66970498075665
NEBLBTC,0.0005175,5.981883492858959e-06,61.301460336877
NEBLBTC,0.00054,9.955085751128605e-06,65.21847060794748
NEBLBTC,0.000595,1.7342009620130374e-05,72.35569546469652
NEBLBTC,0.000595,2.2931855846611802e-05,72.35569546469652
NEBLBTC,0.000611,2.8326386584206988e-05,74.04287536042754
NEBLBTC,0.0006163,3.2652854978799115e-05,74.5791473687311
NEBLBTC,0.0005735,3.225618087223975e-05,63.52067893179145
NEBLBTC,0.0006393,3.682680736000958e-05,70.53061649318849
NEBLBTC,0.0006339,3.955733458136756e-05,69.38876963428143
NEBLBTC,0.000635,4.13335899874872e-05,69.49374837546138
NEBLBTC,0.0005999,3.945420502091438e-05,62.37168418967771
NEBLBTC,0.0005923,3.692586403546941e-05,60.960135220869994
NEBLBTC,0.0005989,3.5050658260143996e-05,61.74467350216335
NEBLBTC,0.0005857,3.212905079218078e-05,59.25938738528581
NEBLBTC,0.000561,2.7503528692868467e-05,54.94138455396372
NEBLBTC,0.0005466,2.241739566699282e-05,52.60933629857995
NEBLBTC,0.0005612,1.93417370778653e-05,54.646035792153334
NEBLBTC,0.0005701,1.74215859088581e-05,55.852895925513316
NEBLBTC,0.0005702,1.5726634583751518e-05,55.86666490760488
NEBLBTC,0.000574,1.452259426255691e-05,56.40579721434356
NEBLBTC,0.0006,1.5487832252930752e-05,59.90294690487941
NEBLBTC,0.000603,1.6306889570141835e-05,60.286525775608446
NEBLBTC,0.000586,1.540664228795528e-05,57.0589456303086
NEBLBTC,0.000575,1.364825319464147e-05,55.06833688182679
NEBLBTC,0.0005621,1.1086002444100473e-05,52.813637343311036
NEBLBTC,0.0005501,7.994939862404908e-06,50.79489128372955
NEBLBTC,0.0005508,5.5378972144963946e-06,50.909109854044296
NEBLBTC,0.0005509,3.557731069103753e-06,50.92609082599158
NEBLBTC,0.000527,5.92221965697989e-08,46.88175847622805
NEBLBTC,0.00053,-2.443133440846565e-06,47.42860163786038
NEBLBTC,0.0005293,-4.431666963712936e-06,47.310015921499776
NEBLBTC,0.000551,-4.2080773652326126e-06,51.25266428496845
NEBLBTC,0.0005391,-4.934232781064339e-06,49.14821548253565
NEBLBTC,0.0005325,-5.973423117900463e-06,48.00741263053509
NEBLBTC,0.000536,-6.440328104106519e-06,48.666752142053724
NEBLBTC,0.0005336,-6.924195792967617e-06,48.22912559113855
NEBLBTC,0.00055,-5.9161240871697e-06,51.3486082756597
NEBLBTC,0.0005466,-5.330129171377484e-06,50.687884823120186
NEBLBTC,0.0005499,-4.547026269587236e-06,51.322250915720126
NEBLBTC,0.0005747,-1.9033185685310774e-06,55.78289695416356
NEBLBTC,0.0005825,8.118748561541846e-07,57.073864701663
NEBLBTC,0.0005756,2.3794836663075785e-06,55.57607489199173
NEBLBTC,0.0005744,3.484824088321667e-06,55.31265192799722
NEBLBTC,0.000585,5.15670249202709e-06,57.18327889940986
NEBLBTC,0.0005787,5.905248791317251e-06,55.736310923893726
NEBLBTC,0.000556,4.613594196273231e-06,50.89428005528103
NEBLBTC,0.0005766,5.192342371708567e-06,54.62689033092632
NEBLBTC,0.0005471,3.2333292057766267e-06,49.05500591966784
NEBLBTC,0.0005668,3.233152745792632e-06,52.43568889519521
NEBLBTC,0.000564,2.972807624770403e-06,51.924652605911895
NEBLBTC,0.0005669,2.9662944088724693e-06,52.42574764943658
NEBLBTC,0.000563,2.616276425945383e-06,51.6699839686289
NEBLBTC,0.0005699,2.8626580470030244e-06,52.92289159770453
NEBLBTC,0.0005423,8.213597951594025e-07,47.755526483738805
NEBLBTC,0.0005548,2.0984281955355264e-07,50.05993272825789
NEBLBTC,0.0005763,1.443442421918714e-06,53.723397391176064
NEBLBTC,0.0005631,1.3404968975960514e-06,51.31193680289239
NEBLBTC,0.0005749,2.185875795661287e-06,53.268603877863974
NEBLBTC,0.0005771,2.998798000177806e-06,53.63113474146202
NEBLBTC,0.000584,4.151955875509152e-06,54.779245661999376
NEBLBTC,0.0005901,5.49472109549233e-06,55.789082155271345
NEBLBTC,0.0006124,8.263044602937987e-06,59.259619875752264
NEBLBTC,0.000581,7.832949976544303e-06,53.131496794918235
NEBLBTC,0.0005893,8.06882512707286e-06,54.43126945657776
NEBLBTC,0.0006002,9.031190841850842e-06,56.09961666055252
NEBLBTC,0.0005787,7.967161805373787e-06,52.16843861300049
NEBLBTC,0.0005789,7.058681371605404e-06,52.20095161062227
NEBLBTC,0.00058,6.354217426383945e-06,52.38669649609668
NEBLBTC,0.0005907,6.5834355043285645e-06,54.19345316040286
NEBLBTC,0.0005757,5.491416214919672e-06,51.34343791616931
NEBLBTC,0.0005891,5.642211173759724e-06,53.617246142701504
NEBLBTC,0.0005887,5.6641478375374105e-06,53.539312710324495
NEBLBTC,0.000595,6.119350091636304e-06,54.62328045571115
NEBLBTC,0.0005794,5.1618094064815635e-06,51.51761997818127
NEBLBTC,0.00058,4.4006386770129675e-06,51.627997419352845
NEBLBTC,0.0005837,4.049286810027335e-06,52.32640377621397
NEBLBTC,0.0005749,3.025871110138049e-06,50.51627372732433
NEBLBTC,0.0005631,1.2482562898812706e-06,48.184025812553145
NEBLBTC,0.0005784,1.0618258034706448e-06,51.230414402917724
NEBLBTC,0.0005511,-1.2741163246684324e-06,46.1757721774365
NEBLBTC,0.0005609,-2.3079841877441092e-06,48.09411399973585
NEBLBTC,0.0005626,-2.956080272059863e-06,48.42683348515012
NEBLBTC,0.000563,-3.3982515031099475e-06,48.50787301901336
NEBLBTC,0.0005637,-3.6501149860909687e-06,48.65520296609782
NEBLBTC,0.0005632,-3.8457332136562815e-06,48.551662604390394
NEBLBTC,0.0005476,-5.199613782675837e-06,45.40586794563742
NEBLBTC,0.00055,-6.009638572845822e-06,45.967883445785986
NEBLBTC,0.00058,-4.182625077134511e-06,52.36419039808313
NEBLBTC,0.0005825,-2.5041088046867926e-06,52.84955187243748
NEBLBTC,0.0005939,-2.5109339117721906e-07,55.029794712336496
NEBLBTC,0.0006,2.003560774862189e-06,56.16162644679097
NEBLBTC,0.0006057,4.201895967344705e-06,57.21167813344755
NEBLBTC,0.0005871,4.3925928165280525e-06,52.89736395402015
NEBLBTC,0.0005948,5.106186156298115e-06,54.38333981195296
NEBLBTC,0.0005839,4.737563432114541e-06,51.96191564234145
NEBLBTC,0.0006089,6.3890691219181325e-06,56.58798229460829
NEBLBTC,0.0005831,5.552054273508787e-06,51.27104567567744
NEBLBTC,0.0005823,4.769184471780578e-06,51.11564788828649
NEBLBTC,0.0005865,4.436517994964653e-06,51.91407149908055
NEBLBTC,0.0005857,4.061505592958207e-06,51.746088574699364
NEBLBTC,0.0005855,3.7054530775063998e-06,51.70244557962326
NEBLBTC,0.0005745,2.506774291012809e-06,49.315373980363155
NEBLBTC,0.0005852,2.3926325148026194e-06,51.58427373757996
NEBLBTC,0.0005866,2.3876196415347677e-06,51.87838181278165
NEBLBTC,0.0005949,3.0185910981876804e-06,53.62128270998679
NEBLBTC,0.0005854,2.720707298150063e-06,51.39793660711018
NEBLBTC,0.0005917,2.958881445720078e-06,52.7535607896641
NEBLBTC,0.0005948,3.359059123209671e-06,53.420647966954334
NEBLBTC,0.000605,4.447983980237656e-06,55.57427227302103
NEBLBTC,0.0006022,5.027079136253978e-06,54.84786944097555
NEBLBTC,0.0006041,5.575064467762468e-06,55.261926315933884
NEBLBTC,0.00059,4.816077881704926e-06,51.59786760947242
NEBLBTC,0.0005908,4.230363856939511e-06,51.78712537594489
NEBLBTC,0.0005946,4.026395730904607e-06,52.70375293731892
NEBLBTC,0.0005946,3.820706791921188e-06,52.70375293731892
NEBLBTC,0.000598,3.887238742382362e-06,53.56385147355967
NEBLBTC,0.0005997,4.030678433001428e-06,54.00029691923712
NEBLBTC,0.0005998,4.105103507611677e-06,54.02681931861151
NEBLBTC,0.0005851,2.943982372248153e-06,49.63683838749205
NEBLBTC,0.0005905,2.4314916551144115e-06,51.15810580160568
NEBLBTC,0.0005704,3.9883947895421115e-07,45.786371669552
NEBLBTC,0.0005726,-1.022740881045578e-06,46.42882451786888
NEBLBTC,0.0005703,-2.308335284110282e-06,45.83626690056502
NEBLBTC,0.0005725,-3.113762975581486e-06,46.51755747502694
NEBLBTC,0.0005845,-2.7520466315707464e-06,50.09067620859658
NEBLBTC,0.0005803,-2.772331015818007e-06,48.897581166267855
NEBLBTC,0.0005823,-2.597085664264435e-06,49.495323277306
NEBLBTC,0.00062,5.772186500782725e-07,58.941750546358584
NEBLBTC,0.000618,2.898087059890098e-06,58.33772194015224
NEBLBTC,0.0005963,2.9523504913962903e-06,52.27282291308055
NEBLBTC,0.0006123,4.237572832417927e-06,55.807625019824194
NEBLBTC,0.0006189,5.722717711196569e-06,57.172915999942994
NEBLBTC,0.000625,7.30768628902942e-06,58.412040091684034
NEBLBTC,0.0006214,8.179012823923758e-06,57.389489675242125
NEBLBTC,0.0006062,7.5559323276282045e-06,53.280147840944394
NEBLBTC,0.0006,6.487069462124536e-06,51.7043570582022
NEBLBTC,0.0005958,5.240671838586063e-06,50.64555333061412
NEBLBTC,0.0005998,4.523515047054902e-06,51.629925179709424
NEBLBTC,0.0005906,3.176186905005712e-06,49.27140764351386
NEBLBTC,0.0005851,1.645645632402889e-06,47.906233944143565
NEBLBTC,0.0005955,1.2573794429573655e-06,50.606560383338504
NEBLBTC,0.0005976,1.1063745430446494e-06,51.14020424911855
NEBLBTC,0.00064,4.357793786212297e-06,60.19960720350609
NEBLBTC,0.0006525,7.852691554663177e-06,62.34729745327465
NEBLBTC,0.0006389,9.416469674621399e-06,58.74821915680619
NEBLBTC,0.0006188,8.930922963197065e-06,53.94568026654044
NEBLBTC,0.0006239,8.855569580021815e-06,54.92135390780876
NEBLBTC,0.0006271,8.950884512519517e-06,55.53807061385222
NEBLBTC,0.00063,9.154896103365164e-06,56.10594460967482
NEBLBTC,0.000632,9.369949103561976e-06,56.50571559507016
NEBLBTC,0.0006259,8.945048188005998e-06,54.913977145852456
NEBLBTC,0.0006248,8.422461451453554e-06,54.624434500749096
NEBLBTC,0.0006154,7.16718738205831e-06,52.171523817230494
NEBLBTC,0.0006198,6.453030348975842e-06,53.198042891538144
NEBLBTC,0.0006403,7.455294435888718e-06,57.620105994079196
NEBLBTC,0.0006698,1.0508859809556887e-05,62.88576779985482
NEBLBTC,0.000651,1.1281780147222135e-05,58.086371795265556
NEBLBTC,0.0006522,1.1854503714940254e-05,58.29835148094654
NEBLBTC,0.0006722,1.3763566296885223e-05,61.66976928432665
NEBLBTC,0.0006697,1.490299064117967e-05,61.02623843238549
NEBLBTC,0.000675,1.60486593936476e-05,61.905619736497975
NEBLBTC,0.0006801,1.7170210018588078e-05,62.74956440143368
NEBLBTC,0.0006762,1.7542134753016202e-05,61.659552439194165
NEBLBTC,0.0006837,1.823190900645123e-05,62.95100093319006
NEBLBTC,0.0006716,1.7599317222031824e-05,59.57287390542797
NEBLBTC,0.0006456,1.482906078441521e-05,53.174782477409366
NEBLBTC,0.0006758,1.4898756614950114e-05,58.5680752888285
NEBLBTC,0.0006676,1.4129444156082017e-05,56.717191182244896
NEBLBTC,0.0006819,1.4506427908751469e-05,59.070917042503815
NEBLBTC,0.0006608,1.2953279248777323e-05,54.507147351373405
NEBLBTC,0.0006361,9.6184387972445e-06,49.80673475515392
NEBLBTC,0.0006555,8.44363857114617e-06,53.12001502205644
NEBLBTC,0.0006555,7.426987242195701e-06,53.12001502205644
NEBLBTC,0.0006528,6.330442899089828e-06,52.5939045043062
NEBLBTC,0.0006458,4.840780602934709e-06,51.22147958247455
NEBLBTC,0.0006354,2.7888710477939936e-06,49.22988600345312
NEBLBTC,0.000635,1.1175587633071313e-06,49.15318336458711
NEBLBTC,0.000648,8.324273864207228e-07,51.705005292184794
NEBLBTC,0.0006438,2.6450477049637985e-07,50.84476031625299
NEBLBTC,0.00064,-4.865970484812469e-07,50.05846658749369
NEBLBTC,0.000641,-9.89749789293004e-07,50.26965006246118
NEBLBTC,0.0006555,-2.159834205353508e-07,53.26010459082708
NEBLBTC,0.0006429,-6.124230641521653e-07,50.50621539038326
NEBLBTC,0.0006439,-8.362726645455001e-07,50.717249301753796
NEBLBTC,0.000644,-9.941460248017722e-07,50.73916658625925
NEBLBTC,0.0006523,-4.4439841788228816e-07,52.566178658133246
NEBLBTC,0.00065,-1.9209589487839684e-07,52.00841980839716
NEBLBTC,0.00066,8.054869467330342e-07,54.21257346815725
NEBLBTC,0.000665,1.976750005582592e-06,55.28407415768655
NEBLBTC,0.0006596,2.441109951911019e-06,53.86355085858446
NEBLBTC,0.00066,2.809014639753378e-06,53.95500016866218
NEBLBTC,0.0006462,1.9643927896042515e-06,50.361347422618465
NEBLBTC,0.0006302,3.912504847988947e-09,46.605836575492596
NEBLBTC,0.0006495,7.480230411103204e-09,51.187502706705736
NEBLBTC,0.0006711,1.7332671352777301e-06,55.63345790003352
NEBLBTC,0.000689,4.4935472785747254e-06,58.87272441189678
NEBLBTC,0.00069,6.684723490233834e-06,59.04702822846549
NEBLBTC,0.0006909,8.397072676117993e-06,59.209382288073044
NEBLBTC,0.0006863,9.27601209325089e-06,57.98341122324554
NEBLBTC,0.0006863,9.858930302192662e-06,57.98341122324554
NEBLBTC,0.00065,7.307553624842926e-06,49.225587444831994
NEBLBTC,0.0005865,1.5980775370160946e-07,38.58700011850221
NEBLBTC,0.0005239,-1.0435831407491075e-05,31.568675790541313
NEBLBTC,0.000578,-1.4302661731417057e-05,41.21124983146383
NEBLBTC,0.0005333,-2.0735048318750284e-05,36.746953250517954
NEBLBTC,0.0005595,-2.3448342102914488e-05,40.6773379313363
NEBLBTC,0.00058,-2.367159686711255e-05,43.54163388966542
NEBLBTC,0.0005833,-2.3313501917500033e-05,43.99584836023591
NEBLBTC,0.0005725,-2.3628800724299404e-05,42.81941689809474
NEBLBTC,0.0005541,-2.5074361889463638e-05,40.87627840218424
NEBLBTC,0.0005572,-2.5673882894769267e-05,41.344230095346596
NEBLBTC,0.0005548,-2.6042466213515593e-05,41.08155488663586
NEBLBTC,0.0005699,-2.4829903671638688e-05,43.44071386322077
NEBLBTC,0.0005401,-2.597413639613235e-05,40.131575947966134
NEBLBTC,0.000545,-2.6183730281178564e-05,40.903970915740615
NEBLBTC,0.0005604,-2.4821061897312537e-05,43.30286339099058
NEBLBTC,0.0005399,-2.5105910748730105e-05,40.99152716129114
NEBLBTC,0.0005319,-2.5681152318943537e-05,40.11951661923644
NEBLBTC,0.000525,-2.638960480479233e-05,39.3658321218345
NEBLBTC,0.000538,-2.5606886897069415e-05,41.525457347109565
NEBLBTC,0.000532,-2.518046247481276e-05,40.82516366548556
NEBLBTC,0.0005385,-2.4040893910653636e-05,41.932161961622576
NEBLBTC,0.00054,-2.2754441116390532e-05,42.192570281140846
NEBLBTC,0.00054,-2.1487226635228426e-05,42.192570281140846
NEBLBTC,0.000539,-2.0329298176936404e-05,42.05566529736759
NEBLBTC,0.0005463,-1.8608080174833605e-05,43.4533098333495
NEBLBTC,0.0005395,-1.7589939800823355e-05,42.45787359221518
NEBLBTC,0.0005439,-1.62407991681848e-05,43.334344832030915
NEBLBTC,0.0005453,-1.4887018909927438e-05,43.61947269651825
NEBLBTC,0.0005524,-1.3090330457903336e-05,45.08181696035068
NEBLBTC,0.000566,-1.044859072531581e-05,47.7885783716891
NEBLBTC,0.0005852,-6.728155427985702e-06,51.32288611907674
NEBLBTC,0.0005878,-3.529202925200243e-06,51.784081357544224
NEBLBTC,0.0005678,-2.578123865465778e-06,48.124226912139896
NEBLBTC,0.000573,-1.3887813102268646e-06,49.1002055664788
NEBLBTC,0.0005692,-7.44267555435928e-07,48.40576279077495
NEBLBTC,0.0005599,-9.727052967770534e-07,46.71834223484313
NEBLBTC,0.0005696,-3.6680660071353784e-07,48.6659607598314
NEBLBTC,0.000585,1.3405705155836254e-06,51.59705859344288
NEBLBTC,0.0005592,6.048623244708047e-07,46.91419472285873
NEBLBTC,0.0005643,4.2839736192398087e-07,47.889731784008696
NEBLBTC,0.00056,-5.776062710191512e-08,47.127785972574706
NEBLBTC,0.0005531,-9.884227481095744e-07,45.90484842329903
NEBLBTC,0.0005491,-2.025398224704089e-06,45.195408113413514
NEBLBTC,0.0005573,-2.1606308832928384e-06,46.949233035397455
NEBLBTC,0.00056,-2.0265752068790053e-06,47.52619234533049
NEBLBTC,0.000557,-2.1377671959350733e-06,46.93437800865167
NEBLBTC,0.0005912,5.276837208549471e-07,53.78079282392304
NEBLBTC,0.0005896,2.482351148871639e-06,53.4441823160955
NEBLBTC,0.0005879,3.849884305877653e-06,53.07587531158296
NEBLBTC,0.0005778,4.071742086370891e-06,50.901204818770594
NEBLBTC,0.0005635,3.0584199248044662e-06,47.99585709756245
NEBLBTC,0.000591,4.4233849557731315e-06,53.34018537048026
NEBLBTC,0.0005693,3.7113389264092824e-06,49.178750344407376
NEBLBTC,0.0005782,3.821145154954343e-06,50.82079066939619
NEBLBTC,0.0005845,4.3661939647265556e-06,51.96712425254265
NEBLBTC,0.0005836,4.671674440021338e-06,51.78718036242444
NEBLBTC,0.0005739,4.083983365793303e-06,49.84606248867613
NEBLBTC,0.0005746,3.632840975833617e-06,49.98722530164552
NEBLBTC,0.00056,2.073309576567945e-06,47.10191794846843
NEBLBTC,0.0005629,1.0591660634501864e-06,47.727287364036854
NEBLBTC,0.0005517,-6.409083820232411e-07,45.556818646582315
NEBLBTC,0.0005639,-9.923523677130312e-07,48.23270383243543
NEBLBTC,0.0005199,-4.766362870829428e-06,40.703749708681386
NEBLBTC,0.0005099,-8.466611978731739e-06,39.25072998388439
NEBLBTC,0.0005173,-1.0678868550692382e-05,40.88034167477888
NEBLBTC,0.0005174,-1.2282444285981338e-05,40.9026960441438
NEBLBTC,0.0005287,-1.2497411665071158e-05,43.42510840946943
NEBLBTC,0.0005463,-1.1119424151080875e-05,47.09507532003443
NEBLBTC,0.0005357,-1.0758671265178785e-05,45.25032855204132
NEBLBTC,0.000525,-1.1206985428472804e-05,43.45730747292767
NEBLBTC,0.000533,-1.0792337146968358e-05,45.152844894002946
NEBLBTC,0.00056,-8.190634508787242e-06,50.391765838065695
NEBLBTC,0.00055,-6.85664372948537e-06,48.59776087421196
NEBLBTC,0.0005453,-6.108284643371485e-06,47.76380278947714
NEBLBTC,0.0005422,-5.699646787944777e-06,47.20626431955417
NEBLBTC,0.000542,-5.330490100212263e-06,47.169197430613465
NEBLBTC,0.0005636,-3.2574415260603956e-06,51.46413120963872
NEBLBTC,0.00056,-1.8833158166699573e-06,50.74665282567411
NEBLBTC,0.0005695,-2.7424553567423522e-08,52.567545241332446
NEBLBTC,0.0005716,1.5944552058842158e-06,52.968610864697965
NEBLBTC,0.0005576,1.730179174618202e-06,50.02603245079369
NEBLBTC,0.0005598,1.9922970512659946e-06,50.47715352042436
NEBLBTC,0.000575,3.3874914326708023e-06,53.503206961803286
NEBLBTC,0.0005648,3.6283133390970597e-06,51.30790015071109
NEBLBTC,0.0005616,3.520372515481156e-06,50.62785437832263
NEBLBTC,0.0005698,4.049816342956126e-06,52.31774264812813
NEBLBTC,0.0005728,4.657787246613635e-06,52.93275742987363
NEBLBTC,0.0005628,4.283316732423817e-06,50.65998498982409
NEBLBTC,0.0005688,4.419747905267529e-06,51.95163457853093
NEBLBTC,0.0005646,4.1412281927630116e-06,50.97686932754312
NEBLBTC,0.0005698,4.2906360739317e-06,52.13708160523046
NEBLBTC,0.000555,3.1781706124663772e-06,48.71315497162492
NEBLBTC,0.000546,1.5524136769882145e-06,46.76439972985786
NEBLBTC,0.0005511,6.678187711065637e-07,47.99458542707878
NEBLBTC,0.0005545,2.3837468506135873e-07,48.81736463501088
NEBLBTC,0.00056,3.3794556140694446e-07,50.148672958778306
NEBLBTC,0.000525,-2.379917091728566e-06,42.76266854076018
NEBLBTC,0.0005355,-3.6445682633678067e-06,45.28532772559417
NEBLBTC,0.0005305,-4.99271868828889e-06,44.31483463693621
NEBLBTC,0.0005437,-4.939073366636904e-06,47.41904223093965
NEBLBTC,0.000559,-3.6202449993409875e-06,50.74030951370248
NEBLBTC,0.0005429,-3.830049042065462e-06,47.44934352566381
NEBLBTC,0.0005497,-3.4083280038345884e-06,48.909753277142606
NEBLBTC,0.0005352,-4.1957735949205675e-06,46.061508988689766
NEBLBTC,0.0005291,-5.2515127492480706e-06,44.9133489150307
NEBLBTC,0.000519,-6.824510516892108e-06,43.05895207018373
NEBLBTC,0.0005265,-7.3808533773893435e-06,44.824174257100644
NEBLBTC,0.0005299,-7.46139717547258e-06,45.62162018557862
NEBLBTC,0.0005341,-7.104428388495323e-06,46.616146104270996
NEBLBTC,0.0005413,-6.169430867205509e-06,48.30730957824001
NEBLBTC,0.000548,-4.83210311272254e-06,49.84997771411302
NEBLBTC,0.0005537,-3.2745716456749653e-06,51.14429896287417
NEBLBTC,0.0005604,-1.4824934689776186e-06,52.643413092925165
NEBLBTC,0.0005833,1.7652315238078642e-06,57.314751669963485
NEBLBTC,0.0005796,3.994472113325758e-06,56.37715988665294
NEBLBTC,0.0005637,4.427131012653732e-06,52.52427321165128
NEBLBTC,0.0005586,4.308819540472988e-06,51.34970709115848
NEBLBTC,0.0005754,5.507192950696409e-06,54.82237553371554
NEBLBTC,0.0005871,7.316662796874943e-06,57.05028789870372
NEBLBTC,0.0005863,8.587140165853863e-06,56.850258106182125
NEBLBTC,0.0005711,8.27213365817809e-06,53.15521324480795
NEBLBTC,0.0005587,6.941890569165071e-06,50.36840567288991
NEBLBTC,0.0005082,1.7920774302612307e-06,41.19105837947708
NEBLBTC,0.000507,-2.35882548403957e-06,41.00580014244943
NEBLBTC,0.0005097,-5.368691579471486e-06,41.62223608823468
NEBLBTC,0.0005027,-8.224071664730392e-06,40.47800069940773
NEBLBTC,0.0004833,-1.1915049547315181e-05,37.496926827712265
NEBLBTC,0.0004887,-1.4240288064470605e-05,38.80592338991514
NEBLBTC,0.0005048,-1.4615443164071461e-05,42.54917423928208
NEBLBTC,0.0004932,-1.5668166468156683e-05,40.678410104716825
NEBLBTC,0.000451,-1.9680776846364148e-05,34.86012835094749
NEBLBTC,0.0004445,-2.3118796067508277e-05,34.07674701645465
NEBLBTC,0.0004539,-2.479908125709409e-05,36.238955481489924
NEBLBTC,0.0004579,-2.5513845080762758e-05,37.15422824936751
NEBLBTC,0.0004861,-2.3533516508642666e-05,43.15691000415029
NEBLBTC,0.000511,-1.9727464020415824e-05,47.754709690850724
NEBLBTC,0.0005077,-1.6783947523709266e-05,47.22644014236223
NEBLBTC,0.0004897,-1.5722401008925416e-05,44.429078325435576
NEBLBTC,0.0004491,-1.795027879923514e-05,38.99298560289453
NEBLBTC,0.000448,-1.9578954802477934e-05,38.858567921346996
NEBLBTC,0.0004243,-2.2522459308694023e-05,36.06359267019562
NEBLBTC,0.0004574,-2.1931501764462327e-05,42.12969838770903
NEBLBTC,0.0004498,-2.18248370017228e-05,41.193307004795884
NEBLBTC,0.0004311,-2.298428954371635e-05,38.96946019024475
NEBLBTC,0.0004421,-2.2753270429395488e-05,40.92696125026299
NEBLBTC,0.0004475,-2.18822067879259e-05,41.881846279106156
NEBLBTC,0.0004373,-2.1764054854718387e-05,40.5886738057807
NEBLBTC,0.0004389,-2.129582693149632e-05,40.88742779099934
NEBLBTC,0.0004955,-1.6171194491006137e-05,50.14205067503183
NEBLBTC,0.0004757,-1.3551369137448249e-05,47.43137978344228
NEBLBTC,0.0004772,-1.1224709739219706e-05,47.65507605639598
NEBLBTC,0.0004559,-1.097305682335153e-05,44.82851560155014
NEBLBTC,0.0004863,-8.225772552248516e-06,49.306463983041326
NEBLBTC,0.0005124,-3.897549575717664e-06,52.74270489029108
NEBLBTC,0.0005768,4.675246768581038e-06,59.76478954947804
NEBLBTC,0.0005729,1.1027434824443746e-05,59.20882666287398
NEBLBTC,0.0005601,1.4857468944285595e-05,57.38074595806333
NEBLBTC,0.0005976,2.068034503311571e-05,61.05651663461066
NEBLBTC,0.0006044,2.5549204133673543e-05,61.68184510803017
NEBLBTC,0.0005997,2.8697749535721196e-05,60.97568617700138
NEBLBTC,0.000598,3.070190619503801e-05,60.71334664370319
NEBLBTC,0.0005777,3.0302861911653332e-05,57.62417332181643
NEBLBTC,0.0005456,2.7084204858726256e-05,53.16100102036053
NEBLBTC,0.0005402,2.382304386445316e-05,52.447919237929575
NEBLBTC,0.000537,2.074124486478677e-05,52.01647297008276
NEBLBTC,0.0005641,2.0252185877984996e-05,55.26822418591774
NEBLBTC,0.000564,1.9630248656097747e-05,55.25380630416389
NEBLBTC,0.0005583,1.846456851181471e-05,54.409578652303516
NEBLBTC,0.0005492,1.6614937988381384e-05,53.059040957637734
NEBLBTC,0.0005321,1.3612350678131584e-05,50.59646493838892
NEBLBTC,0.0005502,1.2548644373199251e-05,53.005500172543094
NEBLBTC,0.00058,1.3949459725480745e-05,56.638076588288676
NEBLBTC,0.0005755,1.4529022070140308e-05,55.956525954005066
NEBLBTC,0.0005635,1.3860257273846303e-05,54.143564333744735
NEBLBTC,0.00055,1.2101421524341404e-05,52.15971359765914
NEBLBTC,0.0005636,1.1670408654793681e-05,53.93402940653439
NEBLBTC,0.0005738,1.201339961278585e-05,55.23340842464689
NEBLBTC,0.000585,1.3038667176878895e-05,56.634921072620045
NEBLBTC,0.000613,1.5926968918810835e-05,59.909168326745665
NEBLBTC,0.0006799,2.3345131606434763e-05,66.2604590474908
NEBLBTC,0.0006849,2.9289901443103916e-05,66.67222509940028
NEBLBTC,0.00069,3.4020534204675344e-05,67.09958747978774
NEBLBTC,0.000775,4.4119798799015664e-05,73.09879471399725
NEBLBTC,0.0007663,5.083552121567527e-05,71.70239448109848
NEBLBTC,0.0007822,5.678618098695358e-05,72.69704525093688
NEBLBTC,0.0007175,5.563998928653682e-05,63.256129690704746
NEBLBTC,0.0007104,5.354152012767427e-05,62.329242928850924
NEBLBTC,0.0006986,5.03459500444894e-05,60.78461182756332
NEBLBTC,0.0006765,4.550559228650136e-05,57.97672083684039
NEBLBTC,0.0007241,4.499185794863041e-05,61.92925849305063
NEBLBTC,0.0007616,4.70680848013112e-05,64.66163329552214
NEBLBTC,0.000801,5.1301389773624525e-05,67.23943044615318
NEBLBTC,0.0014105,0.00010265453310209078,84.9550043592874
NEBLBTC,0.0011302,0.00011935851111610741,67.45139820115728
NEBLBTC,0.0010799,0.00012707292681237564,64.94576388331768
NEBLBTC,0.0012249,0.00014323581173894052,68.46904487917375
NEBLBTC,0.0011393,0.00014743823369862594,64.47695369774084
NEBLBTC,0.0011163,0.00014721576390979113,63.43988847564902
NEBLBTC,0.0013149,0.00016120652673723066,68.06761541205326
NEBLBTC,0.0012913,0.0001684482181064528,67.01576648838187
NEBLBTC,0.001188,0.000163961814272009,62.59759847833845
NEBLBTC,0.0011498,0.00015553102136158154,61.04464217062318
NEBLBTC,0.0011203,0.0001447999896356161,59.84819188441022
NEBLBTC,0.0011045,0.00013348194495418323,59.199728738345826
NEBLBTC,0.0010975,0.00012253496470571949,58.90467008801774
NEBLBTC,0.00115,0.00011674989511269835,60.44746304928705
NEBLBTC,0.0011498,0.00011087099562970227,60.438443547540125
NEBLBTC,0.0011021,0.00010119640491647514,58.27445730527773
NEBLBTC,0.0011,9.229584062643722e-05,58.17876213451213
NEBLBTC,0.0010899,8.34649615886415e-05,57.70321097002837
NEBLBTC,0.0010653,7.363262089989976e-05,56.52885409708115
NEBLBTC,0.001063,6.490662610501787e-05,56.41683682808332
NEBLBTC,0.00107,5.788874840412738e-05,56.68939715210237
NEBLBTC,0.0011066,5.465036845722854e-05,58.118401626080185
NEBLBTC,0.0010579,4.7605479684504834e-05,55.57256189770607
NEBLBTC,0.0010964,4.4614692416023284e-05,57.12197541533951
NEBLBTC,0.0012152,5.1239976551360625e-05,61.450805100925834
NEBLBTC,0.001388,6.963141025794861e-05,66.57287457028409
NEBLBTC,0.001216,6.952633512484268e-05,58.499576474655115
NEBLBTC,0.0012285,6.96488393923543e-05,58.877753794246054
NEBLBTC,0.00115,6.268899128977941e-05,55.55997056940642
NEBLBTC,0.0012201,6.211373717762226e-05,57.777029924425584
NEBLBTC,0.0012401,6.255063225011877e-05,58.394966976587995
NEBLBTC,0.0012358,6.183708129836965e-05,58.20386325941526
NEBLBTC,0.0012081,5.8363648714539196e-05,56.95103918656893
NEBLBTC,0.0012155,5.556749898402214e-05,57.207805586687414
NEBLBTC,0.0012521,5.566319365117806e-05,58.48573151321336
NEBLBTC,0.0013099,5.971465592714137e-05,60.43290841935395
NEBLBTC,0.0012578,5.80522442524445e-05,57.87946736431904
NEBLBTC,0.0012171,5.284149727936339e-05,55.95233884852379
NEBLBTC,0.0012504,5.081323116336691e-05,57.16983917674393
NEBLBTC,0.0012525,4.881258698515457e-05,57.247600777594734
NEBLBTC,0.00138,5.685980209356196e-05,61.65787835223655
NEBLBTC,0.00161,8.086420365036474e-05,67.89253458687698
NEBLBTC,0.0014999,8.996663559771327e-05,62.792348884668826
NEBLBTC,0.0017205,0.00011367063059238578,67.84293686012012
NEBLBTC,0.0019494,0.0001492065739005493,71.96350496064586
NEBLBTC,0.0017985,0.00016331015827132623,66.13399154549242
NEBLBTC,0.0016303,0.00015908122684362932,60.439427305133776
NEBLBTC,0.0016334,0.00015420236345334098,60.50483048309261
NEBLBTC,0.00142,0.00013159923842159566,54.08228166618986
NEBLBTC,0.001488,0.00011781503233209041,55.64770347842523
NEBLBTC,0.00159,0.00011380957135219785,57.89450408645471
NEBLBTC,0.00164,0.00011336301848929409,58.957986512537396
NEBLBTC,0.0014719,9.831158227489021e-05,54.159063409038644
NEBLBTC,0.0015118,8.858169256531598e-05,55.06495231773903
NEBLBTC,0.0014795,7.737244344738366e-05,54.16084512382675
NEBLBTC,0.0015128,7.036494122168312e-05,54.95645890928079
NEBLBTC,0.001465,6.025974784004662e-05,53.56392693735182
NEBLBTC,0.0014839,5.316354507278113e-05,54.044370596026155
NEBLBTC,0.0014741,4.6216223302726536e-05,53.74351318803042
NEBLBTC,0.0015334,4.497696865892061e-05,55.314207720338416
NEBLBTC,0.001575,4.6812003127062e-05,56.398003622078484
NEBLBTC,0.00172,5.9283189640539635e-05,59.93250616261553
NEBLBTC,0.0016511,6.28821740640273e-05,57.61668603520761
NEBLBTC,0.001644,6.441890346631511e-05,57.378282625055036
NEBLBTC,0.0017506,7.339247888444602e-05,59.973052916590774
NEBLBTC,0.0018506,8.756388436720417e-05,62.22421943035942
NEBLBTC,0.00196,0.00010639602388369919,64.50322200101783
NEBLBTC,0.00207,0.00012871298762017033,66.61634153861668
NEBLBTC,0.0019301,0.00013357085963455447,61.73879195047729
NEBLBTC,0.002044,0.0001449407495645186,63.97937756623627
NEBLBTC,0.0020998,0.0001566483186029291,65.02635575410048
NEBLBTC,0.0020339,0.00015877876934694947,62.777682664860556
NEBLBTC,0.001935,0.00015074902255839628,59.552662937322985
NEBLBTC,0.0019716,0.00014565963094276746,60.33944434597511
NEBLBTC,0.0019523,0.00013847267590553374,59.70044363310387
NEBLBTC,0.001821,0.00012078976041020209,55.52610149859451
NEBLBTC,0.00194,0.00011505198034508237,58.28459871365707
NEBLBTC,0.0019273,0.00010823232952089927,57.88477196872329
NEBLBTC,0.0018773,9.766727739915016e-05,56.2981912870996
NEBLBTC,0.0018768,8.823691146445621e-05,56.28209404453297
NEBLBTC,0.0019245,8.364802748183904e-05,57.49202135628645
NEBLBTC,0.0020879,9.213425196859942e-05,61.318668539887696
NEBLBTC,0.0021586,0.0001033729264016041,62.829436883961655
NEBLBTC,0.00264,0.00014940239581319936,70.90372048643769
NEBLBTC,0.002689,0.0001876716109269769,71.55988037421456
NEBLBTC,0.00325,0.00026026804315655225,77.59589193890716
NEBLBTC,0.0026501,0.00026632430153406515,62.73823441757821
NEBLBTC,0.00285,0.00028398063728244044,65.0641817231703
NEBLBTC,0.0026945,0.0002821731437829345,61.92646497044083
NEBLBTC,0.0026469,0.00027374421703793214,60.98702469393601
NEBLBTC,0.0027305,0.0002706897107045206,62.04232300385789
NEBLBTC,0.0026867,0.0002617177788398306,61.1381947942057
NEBLBTC,0.00282,0.0002623395669362721,62.85712003507189
NEBLBTC,0.00317,0.00028775732607808514,66.8718183669832
NEBLBTC,0.00322,0.00030838084305724774,67.39713181221883
NEBLBTC,0.0033289,0.0003297117370659108,68.5312080990291
NEBLBTC,0.0033002,0.0003403771185591267,67.88185993432946
NEBLBTC,0.0032575,0.00034144797735228324,66.89778012726855
NEBLBTC,0.0031547,0.00033019525444262163,64.54705596678028
NEBLBTC,0.0028925,0.0002966998703459625,59.026765519867496
NEBLBTC,0.0031,0.0002836285594970591,61.729587561131915
NEBLBTC,0.0030725,0.0002679615374986638,61.171548402815546
NEBLBTC,0.00294,0.00024206331185891048,58.51214682185459
NEBLBTC,0.0029886,0.00022289104605159506,59.19118198082782
NEBLBTC,0.003382,0.0002367123073586659,64.14763105356242
NEBLBTC,0.0031491,0.00022626443735869386,59.6705475583242
NEBLBTC,0.0031993,0.00021950483052271931,60.293837503586204
NEBLBTC,0.0028699,0.0001854304396338765,54.52405759919559
NEBLBTC,0.0030456,0.00017063676654849964,56.82371512256008
NEBLBTC,0.0030337,0.000156152415651996,56.62135714232753
NEBLBTC,0.00302,0.00014193188528405752,56.38015896640114
NEBLBTC,0.00288,0.00011800489556235009,53.9304274950866
NEBLBTC,0.0027994,9.148426377967537e-05,52.558517241813504
NEBLBTC,0.0027338,6.443038686983378e-05,51.447030329173536
NEBLBTC,0.0028532,5.202486636360663e-05,53.321846993794466
NEBLBTC,0.0028,3.746869085173533e-05,52.38144999490358
NEBLBTC,0.00297,3.9198539771474316e-05,55.02620979203652
NEBLBTC,0.002975,4.0505987902079293e-05,55.1027402639532
NEBLBTC,0.0029988,4.296731064939562e-05,55.479036448784036
NEBLBTC,0.003198,6.029663974601793e-05,58.5156534319219
NEBLBTC,0.0034,8.930056835737684e-05,61.308136506556906
NEBLBTC,0.0031038,8.737828372687613e-05,55.583244723281226
NEBLBTC,0.003293,9.996933384569338e-05,58.185757572372076
NEBLBTC,0.0032984,0.00010912563426532847,58.258597436039764
NEBLBTC,0.0033112,0.0001160768595597399,58.43767629866966
NEBLBTC,0.0034293,0.0001296212456501221,60.08630391109669
NEBLBTC,0.0034505,0.00014044694705255684,60.38067771534257
NEBLBTC,0.0039699,0.0001887617051649763,66.6658366406177
NEBLBTC,0.0041541,0.00023915803468137382,68.5142309109912
NEBLBTC,0.00395,0.0002596354092633791,64.38627420673905
NEBLBTC,0.0042501,0.00029665972941436995,67.39983871020726
NEBLBTC,0.0042904,0.0003255014648099971,67.78185863985284
NEBLBTC,0.0041197,0.0003307717536264001,64.4440533347741
NEBLBTC,0.0038796,0.00031197814225889355,60.10029014695058
NEBLBTC,0.0040796,0.000309652912358324,62.308536558810346
NEBLBTC,0.0039668,0.00029530405232387974,60.343061023556935
NEBLBTC,0.003905,0.0002757668650909236,59.2741339190887
NEBLBTC,0.0038046,0.0002493081928703349,57.54604966806007
NEBLBTC,0.0037345,0.0002201453221234882,56.349158018037215
NEBLBTC,0.003829,0.00020232660205546284,57.589967552427524
NEBLBTC,0.003683,0.00017441362648016722,55.06646278257502
NEBLBTC,0.003538,0.0001389899148302328,52.67449024222509
NEBLBTC,0.00356,0.00011140734969332985,52.99773085300726
NEBLBTC,0.003456,8.023118213942209e-05,51.27033898330819
NEBLBTC,0.0031488,3.038511146739257e-05,46.58980143940902
NEBLBTC,0.0033,3.047191579421977e-06,48.9818407624691
NEBLBTC,0.0033461,-1.4728639575875644e-05,49.69857304734164
NEBLBTC,0.0031747,-4.216065954568615e-05,47.12982613027138
NEBLBTC,0.0032188,-5.965457080926197e-05,47.85345209185264
NEBLBTC,0.0028191,-0.00010456570275868158,42.369029828729
NEBLBTC,0.0030821,-0.00011758079812921067,46.57321341324118
NEBLBTC,0.0031569,-0.00012047090648926355,47.70538427292
NEBLBTC,0.0030233,-0.00013201989843529636,45.89285005558794
NEBLBTC,0.00295,-0.0001454110471287946,44.915839493091156
NEBLBTC,0.0030297,-0.00014788774713505324,46.21497179943257
NEBLBTC,0.0030176,-0.00014910809332645183,46.04294338706729
NEBLBTC,0.0029595,-0.00015299972531884146,45.199939627561456
NEBLBTC,0.00285,-0.00016304018086480115,43.62898747005767
NEBLBTC,0.0027671,-0.00017566173229408791,42.46308959329135
NEBLBTC,0.002656,-0.0001924112471484397,40.933390429647595
NEBLBTC,0.0027487,-0.00019594649386169656,42.72966709308684
NEBLBTC,0.0032301,-0.0001580809863708098,50.832214656181975
NEBLBTC,0.0039251,-7.117119005890923e-05,59.470462388771104
NEBLBTC,0.0035013,-3.607580901615051e-05,53.490713431378424
NEBLBTC,0.0032778,-2.5997367355685627e-05,50.68611539675538
NEBLBTC,0.0030199,-3.837810545810529e-05,47.676220862023
NEBLBTC,0.00298,-5.082366259865495e-05,47.22350527236314
NEBLBTC,0.0028624,-6.937646477317514e-05,45.883525511429305
NEBLBTC,0.00281,-8.730157798941558e-05,45.286061240804464
NEBLBTC,0.0030598,-8.042351480567903e-05,48.614498039738386
NEBLBTC,0.003068,-7.346408051864131e-05,48.72135030643431
NEBLBTC,0.0028695,-8.300909262402584e-05,46.28993167483345
NEBLBTC,0.0030979,-7.1321462876119e-05,49.326218088424156
NEBLBTC,0.003,-6.916139440837302e-05,48.10977893403778
NEBLBTC,0.0029,-7.465807701161021e-05,46.87758652254678
NEBLBTC,0.0029164,-7.680552831600867e-05,47.10940650181069
NEBLBTC,0.0028398,-8.372326904377376e-05,46.128316174660235
NEBLBTC,0.002725,-9.734687481004244e-05,44.67337105949273
NEBLBTC,0.0027001,-0.00010889759870315839,44.356721192679096
NEBLBTC,0.0027618,-0.00011178437555727297,45.358161596372135
NEBLBTC,0.0026596,-0.00012092490584972998,43.98976136275479
NEBLBTC,0.00263,-0.00012906948193812558,43.59230291742966
NEBLBTC,0.0026371,-0.00013341330101663326,43.71957920601767
NEBLBTC,0.00256,-0.00014144662592410675,42.62964499558585
NEBLBTC,0.0028146,-0.0001258186425789746,47.16809935921935
NEBLBTC,0.0029011,-0.00010524038049855577,48.609369842123975
NEBLBTC,0.00281,-9.518572638428369e-05,47.1944688994484
NEBLBTC,0.0026505,-9.894705747556017e-05,44.81148505675349
NEBLBTC,0.0028114,-8.793103986928872e-05,47.596752840096016
NEBLBTC,0.0027857,-8.034833616216109e-05,47.199727502079405
NEBLBTC,0.0027583,-7.567757586555502e-05,46.76574759198752
NEBLBTC,0.0027481,-7.196940097943267e-05,46.59931335620717
NEBLBTC,0.0027601,-6.728670668427247e-05,46.831604588890436
NEBLBTC,0.0027163,-6.634514612043714e-05,46.06835781243041
NEBLBTC,0.0027287,-6.386221238956387e-05,46.32677098285525
NEBLBTC,0.002625,-6.946148411164817e-05,44.46745274606581
NEBLBTC,0.0026122,-7.407787666756458e-05,44.238766876636625
NEBLBTC,0.0025524,-8.162088648581761e-05,43.156783065837004
NEBLBTC,0.0025635,-8.571502937492403e-05,43.42479190053466
NEBLBTC,0.0025771,-8.686098144616156e-05,43.763781138079594
NEBLBTC,0.002635,-8.215013498976765e-05,45.22188969072316
NEBLBTC,0.0025961,-8.062625090011696e-05,44.41455520252365
NEBLBTC,0.0026005,-7.816250979397928e-05,44.53143466701382
NEBLBTC,0.0025911,-7.609134499807083e-05,44.32367012800395
NEBLBTC,0.0026795,-6.654964785030157e-05,46.76115097954897
NEBLBTC,0.0025909,-6.538336492426791e-05,44.7138687191906
NEBLBTC,0.002599,-6.30783470770991e-05,44.94381866909091
NEBLBTC,0.0024701,-7.083620093385149e-05,42.04023992359871
NEBLBTC,0.0021156,-0.00010438624368847103,35.465016263282145
NEBLBTC,0.0025,-9.881791543424464e-05,45.16846837396833
NEBLBTC,0.0027302,-7.496560223866277e-05,49.87787195315796
NEBLBTC,0.0026054,-6.537913916817911e-05,47.566705236853394
NEBLBTC,0.0026,-5.7554085319017935e-05,47.46739789357674
NEBLBTC,0.0026847,-4.4010762954928544e-05,49.20315166189539
NEBLBTC,0.0025951,-4.004592904625513e-05,47.471732228313435
NEBLBTC,0.0026101,-3.528663263294976e-05,47.792660210322445
NEBLBTC,0.002589,-3.283890316232085e-05,47.36787148841891
NEBLBTC,0.0025938,-3.0164027900007016e-05,47.47868419401243
NEBLBTC,0.0026999,-1.9260760638649833e-05,49.91109922318767
NEBLBTC,0.002638,-1.5436710668769674e-05,48.542479767736694
NEBLBTC,0.0026546,-1.0940526667652713e-05,48.934325832149526
NEBLBTC,0.0026334,-8.984365109311783e-06,48.4427319811303
NEBLBTC,0.0025538,-1.3699231522471163e-05,46.608238655012535
NEBLBTC,0.0025093,-2.078695613081565e-05,45.6008642072751
NEBLBTC,0.002473,-2.8998854828170186e-05,44.77707894487427
NEBLBTC,0.0025578,-2.8337534949138612e-05,47.106335025131294
NEBLBTC,0.0025845,-2.536655743765612e-05,47.829309988897286
NEBLBTC,0.0026833,-1.4868309445040251e-05,50.44471336200007
NEBLBTC,0.0026702,-7.5187611950412216e-06,50.097238300235325
NEBLBTC,0.0024884,-1.6177448335981653e-05,45.55328678258978
NEBLBTC,0.0023446,-3.424818671323186e-05,42.38054414441127
NEBLBTC,0.0023736,-4.5702489581866696e-05,43.21285900533932
NEBLBTC,0.0023524,-5.5847000495106054e-05,42.74188875527338
NEBLBTC,0.0024539,-5.5061679979893485e-05,45.69857530337628
NEBLBTC,0.002399,-5.819840402091067e-05,44.404426425940564
NEBLBTC,0.0024237,-5.8022351300671734e-05,45.13387367835534
NEBLBTC,0.00239,-5.991151396942274e-05,44.30624603916252
NEBLBTC,0.0023631,-6.285474382135628e-05,43.639715470602845
NEBLBTC,0.002367,-6.413328864755688e-05,43.76769389062639
NEBLBTC,0.0023756,-6.371809398264192e-05,44.059976825239474
NEBLBTC,0.0023944,-6.116695179237937e-05,44.71546375927253
NEBLBTC,0.0023679,-6.058509450038033e-05,43.95784757010151
NEBLBTC,0.0023168,-6.351514825165844e-05,42.5086511149131
NEBLBTC,0.0022771,-6.82539066237239e-05,41.40211303684349
NEBLBTC,0.002253,-7.311129387678082e-05,40.73050060174774
NEBLBTC,0.0021929,-8.08780640166205e-05,39.08081687676272
NEBLBTC,0.002201,-8.539529915163298e-05,39.425851132688614
NEBLBTC,0.0022301,-8.563991016451557e-05,40.68524694937791
NEBLBTC,0.0021937,-8.775930728099597e-05,39.61032933525824
NEBLBTC,0.00217,-9.031029582204494e-05,38.911854884586006
NEBLBTC,0.00227,-8.330254843030805e-05,43.31295219560159
NEBLBTC,0.002218,-8.101097940908623e-05,41.683451845005806
NEBLBTC,0.0022439,-7.622629166415028e-05,42.801855149298866
NEBLBTC,0.0023014,-6.702203440912477e-05,45.234963770750895
NEBLBTC,0.002287,-6.0195655825738634e-05,44.73764967170183
NEBLBTC,0.0022584,-5.6442844618519086e-05,43.7410232196309
